Events,State
Scan,attack
Scan,attack
Scan,attack
Scan,attack
Scan,attack
Scan,attack
Scan,attack
Scan,attack
Scan,attack
Scan,attack
Scan,attack
Scan,attack
Scan,attack
Scan,attack
Scan,attack
Scan,attack
Scan,attack
Scan,benign
Scan,benign
Scan,benign
Scan,benign
Scan,benign
Scan,benign
Scan,benign
Scan,benign
Scan,benign
Scan,benign
Scan,benign
Scan,benign
Scan,benign
Scan,benign
Scan,benign
Scan,benign
Scan,benign
Scan,benign
Scan,benign
Scan,benign
Scan,benign
Scan,benign
Scan,benign
Scan,benign
Scan,benign
Scan,benign
Scan,benign
Scan,benign
Scan,benign
Scan,benign
Scan,benign
Scan,benign
Scan,benign
Scan,benign
Scan,benign
Scan,benign
Scan,benign
Scan,benign
Scan,benign
Scan,benign
Scan,benign
Scan,benign
Scan,benign
Scan,benign
Scan,benign
Scan,benign
Scan,benign
Scan,benign
Scan,benign
Scan,benign
Scan,benign
Scan,benign
Scan,benign
Scan,benign
Scan,benign
Scan,benign
Scan,benign
Scan,benign
Scan,benign
Scan,benign
Scan,benign
Scan,benign
Scan,benign
Scan,benign
Scan,benign
Scan,benign
Scan,benign
Scan,benign
Scan,benign
Scan,benign
Scan,benign
Scan,benign
Scan,benign
Scan,benign
Scan,benign
Scan,benign
Scan,benign
Scan,benign
Scan,benign
Scan,benign
Scan,benign
Scan,benign
Scan,benign
Scan,benign
Scan,benign
Scan,benign
Scan,benign
Scan,benign
Scan,benign
Scan,benign
Scan,benign
Scan,benign
Scan,benign
Scan,benign
Scan,benign
Scan,benign
Scan,benign
Scan,benign
Scan,benign
Scan,benign
Scan,benign
Scan,benign
Scan,benign
Scan,benign
Scan,benign
Scan,benign
Scan,benign
Scan,benign
Scan,benign
Scan,benign
Scan,benign
Scan,benign
Scan,benign
Scan,benign
Scan,benign
Scan,benign
Scan,benign
Scan,benign
Scan,benign
Scan,benign
Scan,benign
Scan,benign
Scan,benign
Scan,benign
Scan,benign
Scan,benign
Scan,benign
Scan,benign
Scan,benign
Scan,benign
Scan,benign
Scan,benign
Scan,benign
Scan,benign
Scan,benign
Scan,benign
Scan,benign
Scan,benign
Scan,benign
Scan,benign
Scan,benign
Scan,benign
Scan,benign
Scan,benign
Scan,benign
Scan,benign
Scan,benign
Scan,benign
Scan,benign
Scan,benign
Scan,benign
Scan,benign
Scan,benign
Scan,benign
Scan,benign
Scan,benign
Scan,benign
Scan,benign
Scan,benign
Scan,benign
Scan,benign
Scan,benign
Scan,benign
Scan,benign
Scan,benign
Scan,benign
Scan,benign
Scan,benign
Scan,benign
Scan,benign
Scan,benign
Scan,benign
Scan,benign
Scan,benign
Scan,benign
Scan,benign
Scan,benign
Scan,benign
Scan,benign
Scan,benign
Scan,benign
Scan,benign
Scan,benign
Scan,benign
Scan,benign
Scan,benign
Scan,benign
Scan,benign
Scan,benign
Scan,benign
Scan,benign
Scan,benign
Scan,benign
Scan,benign
Scan,benign
Scan,benign
Scan,benign
Scan,benign
Scan,benign
Scan,benign
Scan,benign
Scan,benign
Scan,benign
Scan,benign
Scan,benign
Scan,benign
Scan,benign
Scan,benign
Scan,benign
Scan,benign
Scan,benign
Scan,benign
Scan,benign
Scan,benign
Scan,benign
Scan,benign
Scan,benign
Scan,benign
Scan,benign
Scan,benign
Scan,benign
Scan,benign
Scan,benign
Scan,benign
Scan,benign
Scan,benign
Scan,benign
Scan,benign
Scan,benign
Scan,benign
Scan,benign
Scan,benign
Scan,benign
Scan,benign
Scan,benign
Scan,benign
Scan,benign
Scan,benign
Scan,benign
Scan,benign
Scan,benign
Scan,benign
Scan,benign
Scan,benign
Scan,benign
Scan,benign
Scan,benign
Scan,benign
Scan,benign
Scan,benign
Scan,benign
Scan,benign
Scan,benign
Scan,benign
Scan,benign
Scan,benign
Scan,benign
Scan,benign
Scan,benign
Scan,benign
Scan,benign
Scan,benign
Scan,benign
Scan,benign
Scan,benign
Scan,benign
Scan,benign
Scan,benign
Scan,benign
Scan,benign
Scan,benign
Scan,benign
Scan,benign
Scan,benign
Scan,benign
Scan,benign
Scan,benign
Scan,benign
Scan,benign
Scan,benign
Scan,benign
Scan,benign
Scan,benign
Scan,benign
Scan,benign
Scan,benign
Scan,benign
Scan,benign
Scan,benign
Scan,benign
Scan,benign
Scan,benign
Scan,benign
Scan,benign
Scan,benign
Scan,benign
Scan,benign
Scan,benign
Scan,benign
Scan,benign
Scan,benign
Scan,benign
Scan,benign
Scan,benign
Scan,benign
Scan,benign
Scan,benign
Scan,benign
Scan,benign
Scan,benign
Scan,benign
Scan,benign
Scan,benign
Scan,benign
Scan,benign
Scan,benign
Scan,benign
Scan,benign
Scan,benign
Scan,benign
Scan,benign
Scan,benign
Scan,benign
Scan,benign
Scan,benign
Scan,benign
Scan,benign
Scan,benign
Scan,benign
Scan,benign
Scan,benign
Scan,benign
Scan,benign
Scan,benign
Scan,benign
Scan,benign
Scan,benign
Scan,benign
Scan,benign
Scan,benign
Scan,benign
Scan,benign
Scan,benign
Scan,benign
Scan,benign
Scan,benign
Scan,benign
Scan,benign
Scan,benign
Scan,benign
Scan,benign
Scan,benign
Scan,benign
Scan,benign
Scan,benign
Scan,benign
Scan,benign
Scan,benign
Scan,benign
Scan,benign
Scan,benign
Scan,benign
Scan,benign
Scan,benign
Scan,benign
Scan,benign
Scan,benign
Scan,benign
Scan,benign
Scan,benign
Scan,benign
Scan,benign
Scan,benign
Scan,benign
Scan,benign
Scan,benign
Scan,benign
Scan,benign
Scan,benign
Scan,benign
Scan,benign
Scan,benign
Scan,benign
"Scan,SensitiveURI",attack
"Scan,SensitiveURI",attack
"Scan,SensitiveURI",attack
"Scan,SensitiveURI",attack
"Scan,SensitiveURI",attack
"Scan,SensitiveURI",attack
"Scan,SensitiveURI",benign
"Scan,SensitiveURI",benign
"Scan,SensitiveURI",benign
"Scan,SensitiveURI",benign
"Scan,SensitiveURI",benign
"Scan,SensitiveURI",benign
"Scan,SensitiveURI",benign
"Scan,SensitiveURI",benign
"Scan,SensitiveURI",benign
"Scan,SensitiveURI",benign
"Scan,SensitiveURI,New_Kernel_Module",benign
"Scan,SensitiveURI,New_Kernel_Module",benign
"Scan,SensitiveURI,New_Kernel_Module",attack
"Scan,SensitiveURI,New_Kernel_Module",attack
"Scan,SensitiveURI,New_Kernel_Module",attack
"Scan,SensitiveURI,New_Kernel_Module",attack
"Scan,SensitiveURI,New_Kernel_Module",attack
"Scan,SensitiveURI,New_Kernel_Module",attack
